occupancy_type,occupancy_source,occupancy_confidence,OCCUP_TYPE
AGR1,FIELD DERIVED,HIGH CONFIDENCE,1000
COM1,FIELD DERIVED,HIGH CONFIDENCE,1005
COM10,FIELD DERIVED,HIGH CONFIDENCE,1010
COM2,FIELD DERIVED,HIGH CONFIDENCE,1015
COM3,FIELD DERIVED,HIGH CONFIDENCE,1020
COM4,FIELD DERIVED,HIGH CONFIDENCE,1025
COM5,FIELD DERIVED,HIGH CONFIDENCE,1030
COM6,FIELD DERIVED,HIGH CONFIDENCE,1035
COM7,FIELD DERIVED,HIGH CONFIDENCE,1040
COM8,FIELD DERIVED,HIGH CONFIDENCE,1045
COM9,FIELD DERIVED,HIGH CONFIDENCE,1050
EDU1,FIELD DERIVED,HIGH CONFIDENCE,1055
EDU2,FIELD DERIVED,HIGH CONFIDENCE,1060
EPPL,FIELD DERIVED,HIGH CONFIDENCE,1065
EPPM,FIELD DERIVED,HIGH CONFIDENCE,1070
EPPS,FIELD DERIVED,HIGH CONFIDENCE,1075
ESSH,FIELD DERIVED,HIGH CONFIDENCE,1080
ESSL,FIELD DERIVED,HIGH CONFIDENCE,1085
ESSM,FIELD DERIVED,HIGH CONFIDENCE,1090
GOV1,FIELD DERIVED,HIGH CONFIDENCE,1095
GOV2,FIELD DERIVED,HIGH CONFIDENCE,1100
IND1,FIELD DERIVED,HIGH CONFIDENCE,1105
IND2,FIELD DERIVED,HIGH CONFIDENCE,1110
IND3,FIELD DERIVED,HIGH CONFIDENCE,1115
IND4,FIELD DERIVED,HIGH CONFIDENCE,1120
IND5,FIELD DERIVED,HIGH CONFIDENCE,1125
IND6,FIELD DERIVED,HIGH CONFIDENCE,1130
NGC,FIELD DERIVED,HIGH CONFIDENCE,1135
NGCV,FIELD DERIVED,HIGH CONFIDENCE,1140
OCV,FIELD DERIVED,HIGH CONFIDENCE,1145
OPP,FIELD DERIVED,HIGH CONFIDENCE,1150
ORFL,FIELD DERIVED,HIGH CONFIDENCE,1155
ORFM,FIELD DERIVED,HIGH CONFIDENCE,1160
ORFS,FIELD DERIVED,HIGH CONFIDENCE,1165
OTF,FIELD DERIVED,HIGH CONFIDENCE,1170
PCVS,FIELD DERIVED,HIGH CONFIDENCE,1175
PPPL,FIELD DERIVED,HIGH CONFIDENCE,1180
PPPM,FIELD DERIVED,HIGH CONFIDENCE,1185
PPPS,FIELD DERIVED,HIGH CONFIDENCE,1190
PSTAS,FIELD DERIVED,HIGH CONFIDENCE,1195
PSTBC,FIELD DERIVED,HIGH CONFIDENCE,1200
PSTGC,FIELD DERIVED,HIGH CONFIDENCE,1205
PSTGS,FIELD DERIVED,HIGH CONFIDENCE,1210
PSTGW,FIELD DERIVED,HIGH CONFIDENCE,1215
PWTL,FIELD DERIVED,HIGH CONFIDENCE,1220
PWTM,FIELD DERIVED,HIGH CONFIDENCE,1225
PWTS,FIELD DERIVED,HIGH CONFIDENCE,1230
REL1,FIELD DERIVED,HIGH CONFIDENCE,1240
RES1,FIELD DERIVED,HIGH CONFIDENCE,1245
RES2,FIELD DERIVED,HIGH CONFIDENCE,1250
RES3A,FIELD DERIVED,HIGH CONFIDENCE,1255
RES3B,FIELD DERIVED,HIGH CONFIDENCE,1260
RES3C,FIELD DERIVED,HIGH CONFIDENCE,1265
RES3D,FIELD DERIVED,HIGH CONFIDENCE,1270
RES3E,FIELD DERIVED,HIGH CONFIDENCE,1275
RES3F,FIELD DERIVED,HIGH CONFIDENCE,1280
RES4,FIELD DERIVED,HIGH CONFIDENCE,1285
RES5,FIELD DERIVED,HIGH CONFIDENCE,1290
RES6,FIELD DERIVED,HIGH CONFIDENCE,1295
WLSL,FIELD DERIVED,HIGH CONFIDENCE,1300
WLSM,FIELD DERIVED,HIGH CONFIDENCE,1305
WLSS,FIELD DERIVED,HIGH CONFIDENCE,1310
WWCV,FIELD DERIVED,HIGH CONFIDENCE,1315
WWTL,FIELD DERIVED,HIGH CONFIDENCE,1320
WWTM,FIELD DERIVED,HIGH CONFIDENCE,1325
WWTS,FIELD DERIVED,HIGH CONFIDENCE,1330
AGR1,FIELD DERIVED,LOW CONFIDENCE,1335
COM1,FIELD DERIVED,LOW CONFIDENCE,1340
COM10,FIELD DERIVED,LOW CONFIDENCE,1345
COM2,FIELD DERIVED,LOW CONFIDENCE,1350
COM3,FIELD DERIVED,LOW CONFIDENCE,1355
COM4,FIELD DERIVED,LOW CONFIDENCE,1360
COM5,FIELD DERIVED,LOW CONFIDENCE,1365
COM6,FIELD DERIVED,LOW CONFIDENCE,1370
COM7,FIELD DERIVED,LOW CONFIDENCE,1375
COM8,FIELD DERIVED,LOW CONFIDENCE,1380
COM9,FIELD DERIVED,LOW CONFIDENCE,1385
EDU1,FIELD DERIVED,LOW CONFIDENCE,1390
EDU2,FIELD DERIVED,LOW CONFIDENCE,1395
EPPL,FIELD DERIVED,LOW CONFIDENCE,1400
EPPM,FIELD DERIVED,LOW CONFIDENCE,1405
EPPS,FIELD DERIVED,LOW CONFIDENCE,1410
ESSH,FIELD DERIVED,LOW CONFIDENCE,1415
ESSL,FIELD DERIVED,LOW CONFIDENCE,1420
ESSM,FIELD DERIVED,LOW CONFIDENCE,1425
GOV1,FIELD DERIVED,LOW CONFIDENCE,1430
GOV2,FIELD DERIVED,LOW CONFIDENCE,1435
IND1,FIELD DERIVED,LOW CONFIDENCE,1440
IND2,FIELD DERIVED,LOW CONFIDENCE,1445
IND3,FIELD DERIVED,LOW CONFIDENCE,1450
IND4,FIELD DERIVED,LOW CONFIDENCE,1455
IND5,FIELD DERIVED,LOW CONFIDENCE,1460
IND6,FIELD DERIVED,LOW CONFIDENCE,1465
NGC,FIELD DERIVED,LOW CONFIDENCE,1470
NGCV,FIELD DERIVED,LOW CONFIDENCE,1475
OCV,FIELD DERIVED,LOW CONFIDENCE,1480
OPP,FIELD DERIVED,LOW CONFIDENCE,1485
ORFL,FIELD DERIVED,LOW CONFIDENCE,1490
ORFM,FIELD DERIVED,LOW CONFIDENCE,1495
ORFS,FIELD DERIVED,LOW CONFIDENCE,1500
OTF,FIELD DERIVED,LOW CONFIDENCE,1505
PCVS,FIELD DERIVED,LOW CONFIDENCE,1510
PPPL,FIELD DERIVED,LOW CONFIDENCE,1515
PPPM,FIELD DERIVED,LOW CONFIDENCE,1520
PPPS,FIELD DERIVED,LOW CONFIDENCE,1525
PSTAS,FIELD DERIVED,LOW CONFIDENCE,1530
PSTBC,FIELD DERIVED,LOW CONFIDENCE,1535
PSTGC,FIELD DERIVED,LOW CONFIDENCE,1540
PSTGS,FIELD DERIVED,LOW CONFIDENCE,1545
PSTGW,FIELD DERIVED,LOW CONFIDENCE,1550
PWTL,FIELD DERIVED,LOW CONFIDENCE,1555
PWTM,FIELD DERIVED,LOW CONFIDENCE,1560
PWTS,FIELD DERIVED,LOW CONFIDENCE,1565
REL1,FIELD DERIVED,LOW CONFIDENCE,1575
RES1,FIELD DERIVED,LOW CONFIDENCE,1580
RES2,FIELD DERIVED,LOW CONFIDENCE,1585
RES3A,FIELD DERIVED,LOW CONFIDENCE,1590
RES3B,FIELD DERIVED,LOW CONFIDENCE,1595
RES3C,FIELD DERIVED,LOW CONFIDENCE,1600
RES3D,FIELD DERIVED,LOW CONFIDENCE,1605
RES3E,FIELD DERIVED,LOW CONFIDENCE,1610
RES3F,FIELD DERIVED,LOW CONFIDENCE,1615
RES4,FIELD DERIVED,LOW CONFIDENCE,1620
RES5,FIELD DERIVED,LOW CONFIDENCE,1625
RES6,FIELD DERIVED,LOW CONFIDENCE,1630
WLSL,FIELD DERIVED,LOW CONFIDENCE,1635
WLSM,FIELD DERIVED,LOW CONFIDENCE,1640
WLSS,FIELD DERIVED,LOW CONFIDENCE,1645
WWCV,FIELD DERIVED,LOW CONFIDENCE,1650
WWTL,FIELD DERIVED,LOW CONFIDENCE,1655
WWTM,FIELD DERIVED,LOW CONFIDENCE,1660
WWTS,FIELD DERIVED,LOW CONFIDENCE,1665
AGR1,PARCEL DERIVED,HIGH CONFIDENCE,2000
COM1,PARCEL DERIVED,HIGH CONFIDENCE,2005
COM10,PARCEL DERIVED,HIGH CONFIDENCE,2010
COM2,PARCEL DERIVED,HIGH CONFIDENCE,2015
COM3,PARCEL DERIVED,HIGH CONFIDENCE,2020
COM4,PARCEL DERIVED,HIGH CONFIDENCE,2025
COM5,PARCEL DERIVED,HIGH CONFIDENCE,2030
COM6,PARCEL DERIVED,HIGH CONFIDENCE,2035
COM7,PARCEL DERIVED,HIGH CONFIDENCE,2040
COM8,PARCEL DERIVED,HIGH CONFIDENCE,2045
COM9,PARCEL DERIVED,HIGH CONFIDENCE,2050
EDU1,PARCEL DERIVED,HIGH CONFIDENCE,2055
EDU2,PARCEL DERIVED,HIGH CONFIDENCE,2060
EPPL,PARCEL DERIVED,HIGH CONFIDENCE,2065
EPPM,PARCEL DERIVED,HIGH CONFIDENCE,2070
EPPS,PARCEL DERIVED,HIGH CONFIDENCE,2075
ESSH,PARCEL DERIVED,HIGH CONFIDENCE,2080
ESSL,PARCEL DERIVED,HIGH CONFIDENCE,2085
ESSM,PARCEL DERIVED,HIGH CONFIDENCE,2090
GOV1,PARCEL DERIVED,HIGH CONFIDENCE,2095
GOV2,PARCEL DERIVED,HIGH CONFIDENCE,2100
IND1,PARCEL DERIVED,HIGH CONFIDENCE,2105
IND2,PARCEL DERIVED,HIGH CONFIDENCE,2110
IND3,PARCEL DERIVED,HIGH CONFIDENCE,2115
IND4,PARCEL DERIVED,HIGH CONFIDENCE,2120
IND5,PARCEL DERIVED,HIGH CONFIDENCE,2125
IND6,PARCEL DERIVED,HIGH CONFIDENCE,2130
NGC,PARCEL DERIVED,HIGH CONFIDENCE,2135
NGCV,PARCEL DERIVED,HIGH CONFIDENCE,2140
OCV,PARCEL DERIVED,HIGH CONFIDENCE,2145
OPP,PARCEL DERIVED,HIGH CONFIDENCE,2150
ORFL,PARCEL DERIVED,HIGH CONFIDENCE,2155
ORFM,PARCEL DERIVED,HIGH CONFIDENCE,2160
ORFS,PARCEL DERIVED,HIGH CONFIDENCE,2165
OTF,PARCEL DERIVED,HIGH CONFIDENCE,2170
PCVS,PARCEL DERIVED,HIGH CONFIDENCE,2175
PPPL,PARCEL DERIVED,HIGH CONFIDENCE,2180
PPPM,PARCEL DERIVED,HIGH CONFIDENCE,2185
PPPS,PARCEL DERIVED,HIGH CONFIDENCE,2190
PSTAS,PARCEL DERIVED,HIGH CONFIDENCE,2195
PSTBC,PARCEL DERIVED,HIGH CONFIDENCE,2200
PSTGC,PARCEL DERIVED,HIGH CONFIDENCE,2205
PSTGS,PARCEL DERIVED,HIGH CONFIDENCE,2210
PSTGW,PARCEL DERIVED,HIGH CONFIDENCE,2215
PWTL,PARCEL DERIVED,HIGH CONFIDENCE,2220
PWTM,PARCEL DERIVED,HIGH CONFIDENCE,2225
PWTS,PARCEL DERIVED,HIGH CONFIDENCE,2230
REL1,PARCEL DERIVED,HIGH CONFIDENCE,2240
RES1,PARCEL DERIVED,HIGH CONFIDENCE,2245
RES2,PARCEL DERIVED,HIGH CONFIDENCE,2250
RES3A,PARCEL DERIVED,HIGH CONFIDENCE,2255
RES3B,PARCEL DERIVED,HIGH CONFIDENCE,2260
RES3C,PARCEL DERIVED,HIGH CONFIDENCE,2265
RES3D,PARCEL DERIVED,HIGH CONFIDENCE,2270
RES3E,PARCEL DERIVED,HIGH CONFIDENCE,2275
RES3F,PARCEL DERIVED,HIGH CONFIDENCE,2280
RES4,PARCEL DERIVED,HIGH CONFIDENCE,2285
RES5,PARCEL DERIVED,HIGH CONFIDENCE,2290
RES6,PARCEL DERIVED,HIGH CONFIDENCE,2295
WLSL,PARCEL DERIVED,HIGH CONFIDENCE,2300
WLSM,PARCEL DERIVED,HIGH CONFIDENCE,2305
WLSS,PARCEL DERIVED,HIGH CONFIDENCE,2310
WWCV,PARCEL DERIVED,HIGH CONFIDENCE,2315
WWTL,PARCEL DERIVED,HIGH CONFIDENCE,2320
WWTM,PARCEL DERIVED,HIGH CONFIDENCE,2325
WWTS,PARCEL DERIVED,HIGH CONFIDENCE,2330
AGR1,PARCEL DERIVED,LOW CONFIDENCE,2335
COM1,PARCEL DERIVED,LOW CONFIDENCE,2340
COM10,PARCEL DERIVED,LOW CONFIDENCE,2345
COM2,PARCEL DERIVED,LOW CONFIDENCE,2350
COM3,PARCEL DERIVED,LOW CONFIDENCE,2355
COM4,PARCEL DERIVED,LOW CONFIDENCE,2360
COM5,PARCEL DERIVED,LOW CONFIDENCE,2365
COM6,PARCEL DERIVED,LOW CONFIDENCE,2370
COM7,PARCEL DERIVED,LOW CONFIDENCE,2375
COM8,PARCEL DERIVED,LOW CONFIDENCE,2380
COM9,PARCEL DERIVED,LOW CONFIDENCE,2385
EDU1,PARCEL DERIVED,LOW CONFIDENCE,2390
EDU2,PARCEL DERIVED,LOW CONFIDENCE,2395
EPPL,PARCEL DERIVED,LOW CONFIDENCE,2400
EPPM,PARCEL DERIVED,LOW CONFIDENCE,2405
EPPS,PARCEL DERIVED,LOW CONFIDENCE,2410
ESSH,PARCEL DERIVED,LOW CONFIDENCE,2415
ESSL,PARCEL DERIVED,LOW CONFIDENCE,2420
ESSM,PARCEL DERIVED,LOW CONFIDENCE,2425
GOV1,PARCEL DERIVED,LOW CONFIDENCE,2430
GOV2,PARCEL DERIVED,LOW CONFIDENCE,2435
IND1,PARCEL DERIVED,LOW CONFIDENCE,2440
IND2,PARCEL DERIVED,LOW CONFIDENCE,2445
IND3,PARCEL DERIVED,LOW CONFIDENCE,2450
IND4,PARCEL DERIVED,LOW CONFIDENCE,2455
IND5,PARCEL DERIVED,LOW CONFIDENCE,2460
IND6,PARCEL DERIVED,LOW CONFIDENCE,2465
NGC,PARCEL DERIVED,LOW CONFIDENCE,2470
NGCV,PARCEL DERIVED,LOW CONFIDENCE,2475
OCV,PARCEL DERIVED,LOW CONFIDENCE,2480
OPP,PARCEL DERIVED,LOW CONFIDENCE,2485
ORFL,PARCEL DERIVED,LOW CONFIDENCE,2490
ORFM,PARCEL DERIVED,LOW CONFIDENCE,2495
ORFS,PARCEL DERIVED,LOW CONFIDENCE,2500
OTF,PARCEL DERIVED,LOW CONFIDENCE,2505
PCVS,PARCEL DERIVED,LOW CONFIDENCE,2510
PPPL,PARCEL DERIVED,LOW CONFIDENCE,2515
PPPM,PARCEL DERIVED,LOW CONFIDENCE,2520
PPPS,PARCEL DERIVED,LOW CONFIDENCE,2525
PSTAS,PARCEL DERIVED,LOW CONFIDENCE,2530
PSTBC,PARCEL DERIVED,LOW CONFIDENCE,2535
PSTGC,PARCEL DERIVED,LOW CONFIDENCE,2540
PSTGS,PARCEL DERIVED,LOW CONFIDENCE,2545
PSTGW,PARCEL DERIVED,LOW CONFIDENCE,2550
PWTL,PARCEL DERIVED,LOW CONFIDENCE,2555
PWTM,PARCEL DERIVED,LOW CONFIDENCE,2560
PWTS,PARCEL DERIVED,LOW CONFIDENCE,2565
REL1,PARCEL DERIVED,LOW CONFIDENCE,2575
RES1,PARCEL DERIVED,LOW CONFIDENCE,2580
RES2,PARCEL DERIVED,LOW CONFIDENCE,2585
RES3A,PARCEL DERIVED,LOW CONFIDENCE,2590
RES3B,PARCEL DERIVED,LOW CONFIDENCE,2595
RES3C,PARCEL DERIVED,LOW CONFIDENCE,2600
RES3D,PARCEL DERIVED,LOW CONFIDENCE,2605
RES3E,PARCEL DERIVED,LOW CONFIDENCE,2610
RES3F,PARCEL DERIVED,LOW CONFIDENCE,2615
RES4,PARCEL DERIVED,LOW CONFIDENCE,2620
RES5,PARCEL DERIVED,LOW CONFIDENCE,2625
RES6,PARCEL DERIVED,LOW CONFIDENCE,2630
WLSL,PARCEL DERIVED,LOW CONFIDENCE,2635
WLSM,PARCEL DERIVED,LOW CONFIDENCE,2640
WLSS,PARCEL DERIVED,LOW CONFIDENCE,2645
WWCV,PARCEL DERIVED,LOW CONFIDENCE,2650
WWTL,PARCEL DERIVED,LOW CONFIDENCE,2655
WWTM,PARCEL DERIVED,LOW CONFIDENCE,2660
WWTS,PARCEL DERIVED,LOW CONFIDENCE,2665
AGR1,HAZUS DERIVED,,3000
COM1,HAZUS DERIVED,,3005
COM10,HAZUS DERIVED,,3010
COM2,HAZUS DERIVED,,3015
COM3,HAZUS DERIVED,,3020
COM4,HAZUS DERIVED,,3025
COM5,HAZUS DERIVED,,3030
COM6,HAZUS DERIVED,,3035
COM7,HAZUS DERIVED,,3040
COM8,HAZUS DERIVED,,3045
COM9,HAZUS DERIVED,,3050
EDU1,HAZUS DERIVED,,3055
EDU2,HAZUS DERIVED,,3060
EPPL,HAZUS DERIVED,,3065
EPPM,HAZUS DERIVED,,3070
EPPS,HAZUS DERIVED,,3075
ESSH,HAZUS DERIVED,,3080
ESSL,HAZUS DERIVED,,3085
ESSM,HAZUS DERIVED,,3090
GOV1,HAZUS DERIVED,,3095
GOV2,HAZUS DERIVED,,3100
IND1,HAZUS DERIVED,,3105
IND2,HAZUS DERIVED,,3110
IND3,HAZUS DERIVED,,3115
IND4,HAZUS DERIVED,,3120
IND5,HAZUS DERIVED,,3125
IND6,HAZUS DERIVED,,3130
NGC,HAZUS DERIVED,,3135
NGCV,HAZUS DERIVED,,3140
OCV,HAZUS DERIVED,,3145
OPP,HAZUS DERIVED,,3150
ORFL,HAZUS DERIVED,,3155
ORFM,HAZUS DERIVED,,3160
ORFS,HAZUS DERIVED,,3165
OTF,HAZUS DERIVED,,3170
PCVS,HAZUS DERIVED,,3175
PPPL,HAZUS DERIVED,,3180
PPPM,HAZUS DERIVED,,3185
PPPS,HAZUS DERIVED,,3190
PSTAS,HAZUS DERIVED,,3195
PSTBC,HAZUS DERIVED,,3200
PSTGC,HAZUS DERIVED,,3205
PSTGS,HAZUS DERIVED,,3210
PSTGW,HAZUS DERIVED,,3215
PWTL,HAZUS DERIVED,,3220
PWTM,HAZUS DERIVED,,3225
PWTS,HAZUS DERIVED,,3230
REL1,HAZUS DERIVED,,3240
RES1,HAZUS DERIVED,,3245
RES2,HAZUS DERIVED,,3250
RES3A,HAZUS DERIVED,,3255
RES3B,HAZUS DERIVED,,3260
RES3C,HAZUS DERIVED,,3265
RES3D,HAZUS DERIVED,,3270
RES3E,HAZUS DERIVED,,3275
RES3F,HAZUS DERIVED,,3280
RES4,HAZUS DERIVED,,3285
RES5,HAZUS DERIVED,,3290
RES6,HAZUS DERIVED,,3295
WLSL,HAZUS DERIVED,,3300
WLSM,HAZUS DERIVED,,3305
WLSS,HAZUS DERIVED,,3310
WWCV,HAZUS DERIVED,,3315
WWTL,HAZUS DERIVED,,3320
WWTM,HAZUS DERIVED,,3325
WWTS,HAZUS DERIVED,,3330
AGR1,ESTIMATED,,4000
COM1,ESTIMATED,,4005
COM10,ESTIMATED,,4010
COM2,ESTIMATED,,4015
COM3,ESTIMATED,,4020
COM4,ESTIMATED,,4025
COM5,ESTIMATED,,4030
COM6,ESTIMATED,,4035
COM7,ESTIMATED,,4040
COM8,ESTIMATED,,4045
COM9,ESTIMATED,,4050
EDU1,ESTIMATED,,4055
EDU2,ESTIMATED,,4060
EPPL,ESTIMATED,,4065
EPPM,ESTIMATED,,4070
EPPS,ESTIMATED,,4075
ESSH,ESTIMATED,,4080
ESSL,ESTIMATED,,4085
ESSM,ESTIMATED,,4090
GOV1,ESTIMATED,,4095
GOV2,ESTIMATED,,4100
IND1,ESTIMATED,,4105
IND2,ESTIMATED,,4110
IND3,ESTIMATED,,4115
IND4,ESTIMATED,,4120
IND5,ESTIMATED,,4125
IND6,ESTIMATED,,4130
NGC,ESTIMATED,,4135
NGCV,ESTIMATED,,4140
OCV,ESTIMATED,,4145
OPP,ESTIMATED,,4150
ORFL,ESTIMATED,,4155
ORFM,ESTIMATED,,4160
ORFS,ESTIMATED,,4165
OTF,ESTIMATED,,4170
PCVS,ESTIMATED,,4175
PPPL,ESTIMATED,,4180
PPPM,ESTIMATED,,4185
PPPS,ESTIMATED,,4190
PSTAS,ESTIMATED,,4195
PSTBC,ESTIMATED,,4200
PSTGC,ESTIMATED,,4205
PSTGS,ESTIMATED,,4210
PSTGW,ESTIMATED,,4215
PWTL,ESTIMATED,,4220
PWTM,ESTIMATED,,4225
PWTS,ESTIMATED,,4230
REL1,ESTIMATED,,4240
RES1,ESTIMATED,,4245
RES2,ESTIMATED,,4250
RES3A,ESTIMATED,,4255
RES3B,ESTIMATED,,4260
RES3C,ESTIMATED,,4265
RES3D,ESTIMATED,,4270
RES3E,ESTIMATED,,4275
RES3F,ESTIMATED,,4280
RES4,ESTIMATED,,4285
RES5,ESTIMATED,,4290
RES6,ESTIMATED,,4295
WLSL,ESTIMATED,,4300
WLSM,ESTIMATED,,4305
WLSS,ESTIMATED,,4310
WWCV,ESTIMATED,,4315
WWTL,ESTIMATED,,4320
WWTM,ESTIMATED,,4325
WWTS,ESTIMATED,,4330
AGR1,RESEARCH DERIVED,HIGH CONFIDENCE,5000
COM1,RESEARCH DERIVED,HIGH CONFIDENCE,5005
COM10,RESEARCH DERIVED,HIGH CONFIDENCE,5010
COM2,RESEARCH DERIVED,HIGH CONFIDENCE,5015
COM3,RESEARCH DERIVED,HIGH CONFIDENCE,5020
COM4,RESEARCH DERIVED,HIGH CONFIDENCE,5025
COM5,RESEARCH DERIVED,HIGH CONFIDENCE,5030
COM6,RESEARCH DERIVED,HIGH CONFIDENCE,5035
COM7,RESEARCH DERIVED,HIGH CONFIDENCE,5040
COM8,RESEARCH DERIVED,HIGH CONFIDENCE,5045
COM9,RESEARCH DERIVED,HIGH CONFIDENCE,5050
EDU1,RESEARCH DERIVED,HIGH CONFIDENCE,5055
EDU2,RESEARCH DERIVED,HIGH CONFIDENCE,5060
EPPL,RESEARCH DERIVED,HIGH CONFIDENCE,5065
EPPM,RESEARCH DERIVED,HIGH CONFIDENCE,5070
EPPS,RESEARCH DERIVED,HIGH CONFIDENCE,5075
ESSH,RESEARCH DERIVED,HIGH CONFIDENCE,5080
ESSL,RESEARCH DERIVED,HIGH CONFIDENCE,5085
ESSM,RESEARCH DERIVED,HIGH CONFIDENCE,5090
GOV1,RESEARCH DERIVED,HIGH CONFIDENCE,5095
GOV2,RESEARCH DERIVED,HIGH CONFIDENCE,5100
IND1,RESEARCH DERIVED,HIGH CONFIDENCE,5105
IND2,RESEARCH DERIVED,HIGH CONFIDENCE,5110
IND3,RESEARCH DERIVED,HIGH CONFIDENCE,5115
IND4,RESEARCH DERIVED,HIGH CONFIDENCE,5120
IND5,RESEARCH DERIVED,HIGH CONFIDENCE,5125
IND6,RESEARCH DERIVED,HIGH CONFIDENCE,5130
NGC,RESEARCH DERIVED,HIGH CONFIDENCE,5135
NGCV,RESEARCH DERIVED,HIGH CONFIDENCE,5140
OCV,RESEARCH DERIVED,HIGH CONFIDENCE,5145
OPP,RESEARCH DERIVED,HIGH CONFIDENCE,5150
ORFL,RESEARCH DERIVED,HIGH CONFIDENCE,5155
ORFM,RESEARCH DERIVED,HIGH CONFIDENCE,5160
ORFS,RESEARCH DERIVED,HIGH CONFIDENCE,5165
OTF,RESEARCH DERIVED,HIGH CONFIDENCE,5170
PCVS,RESEARCH DERIVED,HIGH CONFIDENCE,5175
PPPL,RESEARCH DERIVED,HIGH CONFIDENCE,5180
PPPM,RESEARCH DERIVED,HIGH CONFIDENCE,5185
PPPS,RESEARCH DERIVED,HIGH CONFIDENCE,5190
PSTAS,RESEARCH DERIVED,HIGH CONFIDENCE,5195
PSTBC,RESEARCH DERIVED,HIGH CONFIDENCE,5200
PSTGC,RESEARCH DERIVED,HIGH CONFIDENCE,5205
PSTGS,RESEARCH DERIVED,HIGH CONFIDENCE,5210
PSTGW,RESEARCH DERIVED,HIGH CONFIDENCE,5215
PWTL,RESEARCH DERIVED,HIGH CONFIDENCE,5220
PWTM,RESEARCH DERIVED,HIGH CONFIDENCE,5225
PWTS,RESEARCH DERIVED,HIGH CONFIDENCE,5230
REL1,RESEARCH DERIVED,HIGH CONFIDENCE,5240
RES1,RESEARCH DERIVED,HIGH CONFIDENCE,5245
RES2,RESEARCH DERIVED,HIGH CONFIDENCE,5250
RES3A,RESEARCH DERIVED,HIGH CONFIDENCE,5255
RES3B,RESEARCH DERIVED,HIGH CONFIDENCE,5260
RES3C,RESEARCH DERIVED,HIGH CONFIDENCE,5265
RES3D,RESEARCH DERIVED,HIGH CONFIDENCE,5270
RES3E,RESEARCH DERIVED,HIGH CONFIDENCE,5275
RES3F,RESEARCH DERIVED,HIGH CONFIDENCE,5280
RES4,RESEARCH DERIVED,HIGH CONFIDENCE,5285
RES5,RESEARCH DERIVED,HIGH CONFIDENCE,5290
RES6,RESEARCH DERIVED,HIGH CONFIDENCE,5295
WLSL,RESEARCH DERIVED,HIGH CONFIDENCE,5300
WLSM,RESEARCH DERIVED,HIGH CONFIDENCE,5305
WLSS,RESEARCH DERIVED,HIGH CONFIDENCE,5310
WWCV,RESEARCH DERIVED,HIGH CONFIDENCE,5315
WWTL,RESEARCH DERIVED,HIGH CONFIDENCE,5320
WWTM,RESEARCH DERIVED,HIGH CONFIDENCE,5325
WWTS,RESEARCH DERIVED,HIGH CONFIDENCE,5330
AGR1,RESEARCH DERIVED,LOW CONFIDENCE,5335
COM1,RESEARCH DERIVED,LOW CONFIDENCE,5340
COM10,RESEARCH DERIVED,LOW CONFIDENCE,5345
COM2,RESEARCH DERIVED,LOW CONFIDENCE,5350
COM3,RESEARCH DERIVED,LOW CONFIDENCE,5355
COM4,RESEARCH DERIVED,LOW CONFIDENCE,5360
COM5,RESEARCH DERIVED,LOW CONFIDENCE,5365
COM6,RESEARCH DERIVED,LOW CONFIDENCE,5370
COM7,RESEARCH DERIVED,LOW CONFIDENCE,5375
COM8,RESEARCH DERIVED,LOW CONFIDENCE,5380
COM9,RESEARCH DERIVED,LOW CONFIDENCE,5385
EDU1,RESEARCH DERIVED,LOW CONFIDENCE,5390
EDU2,RESEARCH DERIVED,LOW CONFIDENCE,5395
EPPL,RESEARCH DERIVED,LOW CONFIDENCE,5400
EPPM,RESEARCH DERIVED,LOW CONFIDENCE,5405
EPPS,RESEARCH DERIVED,LOW CONFIDENCE,5410
ESSH,RESEARCH DERIVED,LOW CONFIDENCE,5415
ESSL,RESEARCH DERIVED,LOW CONFIDENCE,5420
ESSM,RESEARCH DERIVED,LOW CONFIDENCE,5425
GOV1,RESEARCH DERIVED,LOW CONFIDENCE,5430
GOV2,RESEARCH DERIVED,LOW CONFIDENCE,5435
IND1,RESEARCH DERIVED,LOW CONFIDENCE,5440
IND2,RESEARCH DERIVED,LOW CONFIDENCE,5445
IND3,RESEARCH DERIVED,LOW CONFIDENCE,5450
IND4,RESEARCH DERIVED,LOW CONFIDENCE,5455
IND5,RESEARCH DERIVED,LOW CONFIDENCE,5460
IND6,RESEARCH DERIVED,LOW CONFIDENCE,5465
NGC,RESEARCH DERIVED,LOW CONFIDENCE,5470
NGCV,RESEARCH DERIVED,LOW CONFIDENCE,5475
OCV,RESEARCH DERIVED,LOW CONFIDENCE,5480
OPP,RESEARCH DERIVED,LOW CONFIDENCE,5485
ORFL,RESEARCH DERIVED,LOW CONFIDENCE,5490
ORFM,RESEARCH DERIVED,LOW CONFIDENCE,5495
ORFS,RESEARCH DERIVED,LOW CONFIDENCE,5500
OTF,RESEARCH DERIVED,LOW CONFIDENCE,5505
PCVS,RESEARCH DERIVED,LOW CONFIDENCE,5510
PPPL,RESEARCH DERIVED,LOW CONFIDENCE,5515
PPPM,RESEARCH DERIVED,LOW CONFIDENCE,5520
PPPS,RESEARCH DERIVED,LOW CONFIDENCE,5525
PSTAS,RESEARCH DERIVED,LOW CONFIDENCE,5530
PSTBC,RESEARCH DERIVED,LOW CONFIDENCE,5535
PSTGC,RESEARCH DERIVED,LOW CONFIDENCE,5540
PSTGS,RESEARCH DERIVED,LOW CONFIDENCE,5545
PSTGW,RESEARCH DERIVED,LOW CONFIDENCE,5550
PWTL,RESEARCH DERIVED,LOW CONFIDENCE,5555
PWTM,RESEARCH DERIVED,LOW CONFIDENCE,5560
PWTS,RESEARCH DERIVED,LOW CONFIDENCE,5565
REL1,RESEARCH DERIVED,LOW CONFIDENCE,5575
RES1,RESEARCH DERIVED,LOW CONFIDENCE,5580
RES2,RESEARCH DERIVED,LOW CONFIDENCE,5585
RES3A,RESEARCH DERIVED,LOW CONFIDENCE,5590
RES3B,RESEARCH DERIVED,LOW CONFIDENCE,5595
RES3C,RESEARCH DERIVED,LOW CONFIDENCE,5600
RES3D,RESEARCH DERIVED,LOW CONFIDENCE,5605
RES3E,RESEARCH DERIVED,LOW CONFIDENCE,5610
RES3F,RESEARCH DERIVED,LOW CONFIDENCE,5615
RES4,RESEARCH DERIVED,LOW CONFIDENCE,5620
RES5,RESEARCH DERIVED,LOW CONFIDENCE,5625
RES6,RESEARCH DERIVED,LOW CONFIDENCE,5630
WLSL,RESEARCH DERIVED,LOW CONFIDENCE,5635
WLSM,RESEARCH DERIVED,LOW CONFIDENCE,5640
WLSS,RESEARCH DERIVED,LOW CONFIDENCE,5645
WWCV,RESEARCH DERIVED,LOW CONFIDENCE,5650
WWTL,RESEARCH DERIVED,LOW CONFIDENCE,5655
WWTM,RESEARCH DERIVED,LOW CONFIDENCE,5660
WWTS,RESEARCH DERIVED,LOW CONFIDENCE,5665
NOT APPLICABLE,,,NA
NOT PROVIDED,,,NP
